{
  "model": "logistic_regression",
  "accuracy": 99.07,
  "precision": 100.0,
  "recall": 95.62,
  "f1_score": 97.76,
  "train_samples": 12000,
  "test_samples": 3000,
  "confusion_matrix": [
    [
      2360,
      0
    ],
    [
      28,
      612
    ]
  ],
  "classification_report": {
    "Normal": {
      "precision": 0.9882747068676717,
      "recall": 1.0,
      "f1-score": 0.9941027801179444,
      "support": 2360.0
    },
    "Theft": {
      "precision": 1.0,
      "recall": 0.95625,
      "f1-score": 0.9776357827476039,
      "support": 640.0
    },
    "accuracy": 0.9906666666666667,
    "macro avg": {
      "precision": 0.9941373534338358,
      "recall": 0.978125,
      "f1-score": 0.9858692814327741,
      "support": 3000.0
    },
    "weighted avg": {
      "precision": 0.9907761027359017,
      "recall": 0.9906666666666667,
      "f1-score": 0.9905898206789384,
      "support": 3000.0
    }
  }
}